{
  "runtime_minutes": 20.24,
  "ndcg_score(0-1)": 0.053092226076104296,
  "hr_score(0-1)": 0.07458748826186111,
  "combined_score": 0.06598938338755839,
  "simulator_comment": "HSTU Beauty: Recall@10=0.0826, NDCG@10=0.0502",
  "diagnosis_comment": "Best val: Recall@5=0.0746, NDCG@5=0.0531"
}